{"cameraMode":{"drawMode":0,"name":"Shaded","section":"Shading Mode"},"sceneLighting":true,"audioPlay":false,"sceneViewState":{"m_AlwaysRefresh":false,"showFog":true,"showSkybox":true,"showFlares":true,"showImageEffects":true,"showParticleSystems":true,"showVisualEffectGraphs":true,"m_FxEnabled":true},"in2DMode":false,"pivot":{"x":-4.1564154624938969,"y":0.353254497051239,"z":9.394540786743164},"rotation":{"x":0.04876253381371498,"y":0.9504159688949585,"z":-0.19595037400722505,"w":0.2365129590034485},"size":0.8660253882408142,"orthographic":false}